url,text,likes_cnt,reposts_cnt,comments_cnt
https://www.linkedin.com/in/dmitriy-c-329128146,"–ü—Ä–∏–≤–µ—Ç–∏–∫–∏!–ï—Å–ª–∏ —Ç—ã —Ö–æ—Ä–æ—à–æ –∑–Ω–∞–µ—à—å JS (–∞ –º–æ–∂–µ—Ç –±—ã—Ç—å –µ—â–µ –∏ React), —Ç–æ —á—Ç–æ –Ω–∞—Å—á–µ—Ç –≤–ø–∏—Å–∞—Ç—å—Å—è –∫ –Ω–∞–º —Ä–∞–∑–≤–∏–≤–∞—Ç—å —Å–∞–º—ã–π –±–æ–ª—å—à–æ–π –≤ –†–§ —Å–µ—Ä–≤–∏—Å –¥–ª—è —Ä–µ–∫–ª–∞–º–æ–¥–∞—Ç–µ–ª–µ–π? –£ –Ω–∞—Å –µ—Å—Ç—å —Å—ã—Ä–∫–∏, –∏–Ω—Ç–µ—Ä–µ—Å–Ω—ã–µ —Ä–∞–∑–Ω–æ–æ–±—Ä–∞–∑–Ω—ã–µ –∑–∞–¥–∞—á–∫–∏ –∏ –∫–∞–π—Ñ–æ–≤—ã–µ —Ä–∞–∑–Ω–æ–ø–ª–∞–Ω–æ–≤—ã–µ –º–µ—Ä–æ–ø—Ä–∏—è—Ç–∏—è–ü–æ–≥–Ω–∞–ª–∏ –≤ —Ç–µ–ª–µ–≥—É –∑–∞ –ø–æ–¥—Ä–æ–±–Ω–æ—Å—Ç—è–º–∏: https://t.me/callmedmitriy#react #yandex #hire",6,1¬†—Ä–µ–ø–æ—Å—Ç,0
https://www.linkedin.com/in/kirill-ivanov-b9a27012a,"Hello!I am looking for Graduate/Junior Python Developer or Data Analyst position in the UK.I am a recent PhD graduate with deep understanding of Computer Science and Economics, excellent math skills especially in matching theory.Education: Computer Science (Undergraduate, 2015), Economics (MRes and PhD, 2017 and 2022).Right to work in the UK: Until July 2025.#python #pythondeveloper #dataanalyst #work #economics #phd #computerscience #OpenToWork #junior #graduate",19,1¬†—Ä–µ–ø–æ—Å—Ç,1¬†–∫–æ–º–º–µ–Ω—Ç–∞—Ä–∏–π
https://www.linkedin.com/in/kirill-ivanov-b9a27012a,"A friend in mine is looking for Junior Software Developer position in the UK.Excellent math skills especially matching theory.Looking for an interesting project in Software Development as Junior at Python.Education: Computer Science (Undergraduate, 2015), Economics (MRes and PhD, 2017 and 2022).Right to work in the UK: Yes. #python #softwaredeveloper #work #economics #phd #computerscience #opentowork #juniorhttps://lnkd.in/es9mQN2g #",2,0,0
https://www.linkedin.com/in/0juba,"–ù–∞ —Å–≤—è–∑–∏ –ê–≤–∏—Ç–æ —Å –ø–æ–¥–±–æ—Ä–∫–æ–π –≤–∞–∫–∞–Ω—Å–∏–π Go-—Ä–∞–∑—Ä–∞–±–æ—Ç—á–∏–∫–æ–≤ üòâüìé –í –∫–æ–º–∞–Ω–¥—É –≤–Ω—É—Ç—Ä–µ–Ω–Ω–∏—Ö –ø—Ä–æ–µ–∫—Ç–æ–≤, –∫–æ—Ç–æ—Ä–∞—è —Ä–∞–∑–≤–∏–≤–∞–µ—Ç –ø–ª–∞—Ç—Ñ–æ—Ä–º—É Backoffice as a Service:¬†bit.ly/3MeoqEcüìé –í –∫–æ–º–∞–Ω–¥—É Mobile Design System, –∫–æ—Ç–æ—Ä–∞—è —Ä–∞–∑—Ä–∞–±–∞—Ç—ã–≤–∞–µ—Ç Backend-driven UI —Ñ—Ä–µ–π–º–≤–æ—Ä–∫:¬†bit.ly/42DvKiNüìé –í –∫–æ–º–∞–Ω–¥—É Performance, –∫–æ—Ç–æ—Ä–∞—è –æ—Ç–≤–µ—á–∞–µ—Ç –∑–∞ —Å–∫–æ—Ä–æ—Å—Ç—å —Ä–∞–±–æ—Ç—ã –ê–≤–∏—Ç–æ –Ω–∞ –≤—Å–µ—Ö –ø–ª–∞—Ç—Ñ–æ—Ä–º–∞—Ö:¬†bit.ly/44QJkR5üìé –í –∫–æ–º–∞–Ω–¥—É —Ç–∞—Ä–∏—Ñ–æ–≤, –∫–æ—Ç–æ—Ä–∞—è –æ—Ç–≤–µ—á–∞–µ—Ç –∑–∞ –≤—Å—ë, —á—Ç–æ —Å–≤—è–∑–∞–Ω–æ —Å –º–æ–Ω–µ—Ç–∏–∑–∞—Ü–∏–µ–π –≤ –º–æ–±–∏–ª—å–Ω–æ–º –ø—Ä–∏–ª–æ–∂–µ–Ω–∏–∏ –ê–≤–∏—Ç–æ:¬†bit.ly/3nIslQu–ë—É–¥–µ–º —Ä–∞–¥—ã, –µ—Å–ª–∏ –≤—ã —Å–¥–µ–ª–∞–µ—Ç–µ –Ω–∞—à–∏ –∫–æ–º–∞–Ω–¥—ã –µ—â—ë —Å–∏–ª—å–Ω–µ–µ üí™#go¬†#–≤–∞–∫–∞–Ω—Å–∏–∏¬†#avito_vacancy",Alena Frolova –∏ –µ—â–µ 19¬†—É—á–∞—Å—Ç–Ω–∏–∫–æ–≤,4¬†—Ä–µ–ø–æ—Å—Ç–∞,0
https://www.linkedin.com/in/0juba,"–°–æ–±—Ä–∞–ª–∏ –ø–æ–¥–±–æ—Ä–∫—É –≤–∞–∫–∞–Ω—Å–∏–π Go-—Ä–∞–∑—Ä–∞–±–æ—Ç—á–∏–∫–æ–≤ –≤ —Ä–∞–∑–Ω—ã–µ –Ω–∞–ø—Ä–∞–≤–ª–µ–Ω–∏—è –∏ —Ä–µ—à–∏–ª–∏ —Å—Ä–∞–∑—É –∂–µ –ø–æ–¥–µ–ª–∏—Ç—å—Å—è —Å –≤–∞–º–∏:üëï –í –∫–æ–º–∞–Ω–¥—É –º–∞—Ä–∫–µ—Ç–ø–ª–µ–π—Å–∞, –∫–æ—Ç–æ—Ä–∞—è —Ä–∞–∑–≤–∏–≤–∞–µ—Ç –ø–ª–∞—Ç—Ñ–æ—Ä–º—É –¥–ª—è –ø–æ–∫—É–ø–∫–∏ –∏ –ø—Ä–æ–¥–∞–∂–∏ —Ç–æ–≤–∞—Ä–æ–≤: bit.ly/3oOzzT2üë®‚Äçüíº –í –∫–æ–º–∞–Ω–¥—É, –∫–æ—Ç–æ—Ä–∞—è –æ—Ç–≤–µ—á–∞–µ—Ç –∑–∞ —Ä–∞–∑—Ä–∞–±–æ—Ç–∫—É –∏ –∏—Å–ø–æ–ª—å–∑–æ–≤–∞–Ω–∏–µ –ø–ª–∞—Ç—Ñ–æ—Ä–º—ã –ø—Ä–æ—Ñ–∏–ª–µ–π: bit.ly/448zDx9üîé –í –∫–æ–º–∞–Ω–¥—É, –∫–æ—Ç–æ—Ä–∞—è —Ä–∞–∑–≤–∏–≤–∞–µ—Ç –ø–ª–∞—Ç—Ñ–æ—Ä–º—É –≤–µ—Ä–∏—Ñ–∏–∫–∞—Ü–∏–∏: bit.ly/428hCgqüè† –í –∫–æ–º–∞–Ω–¥—É –∫—Ä–∞—Ç–∫–æ—Å—Ä–æ—á–Ω–æ–π –∞—Ä–µ–Ω–¥—ã, –∫–æ—Ç–æ—Ä–∞—è —Ä–∞–±–æ—Ç–∞–µ—Ç –Ω–∞–¥ —É–ª—É—á—à–µ–Ω–∏–µ–º –æ–ø—ã—Ç–∞ –∞—Ä–µ–Ω–¥–∞—Ç–æ—Ä–∞ –∏ —Ä–∞–∑–≤–∏—Ç–∏–µ–º –ø–æ–ª–Ω–æ–≥–æ —Ü–∏–∫–ª–∞ –±—Ä–æ–Ω–∏—Ä–æ–≤–∞–Ω–∏—è: bit.ly/40G9vqs–ü—Ä–∏—Å–æ–µ–¥–∏–Ω—è–π—Ç–µ—Å—å –∫ –Ω–∞–º üåü#go #–≤–∞–∫–∞–Ω—Å–∏–∏ #avito_vacancy",0,0,0
https://www.linkedin.com/in/0juba,"–í—Å–µ–º –ø—Ä–∏–≤–µ—Ç!–£ –Ω–∞—Å –≤ –∫–æ–º–∞–Ω–¥–µ –ê–≤–∏—Ç–æ –ù–µ–¥–≤–∏–∂–∏–º–æ—Å—Ç—å –æ—Ç–∫—Ä—ã—Ç–∞ –ø–æ–∑–∏—Ü–∏—è Go —Ä–∞–∑—Ä–∞–±–æ—Ç—á–∏–∫–∞, –ø—Ä–∏—Å–æ–µ–¥–∏–Ω—è–π—Ç–µ—Å—å)–°—Å—ã–ª–∫–∞ –Ω–∞ –≤–∞–∫–∞–Ω—Å–∏—é http://bit.ly/3EbqoB1–°–º–µ–ª–æ –ø–∏—à–∏—Ç–µ –º–Ω–µ –≤ –ª—Å –∏–ª–∏ –æ—Ç–∫–ª–∏–∫–∞–π—Ç–µ—Å—å –ø–æ —Å—Å—ã–ª–∫–µ –≤—ã—à–µ.",0,0,0
https://www.linkedin.com/in/0juba,"–°–æ–±—Ä–∞–ª–∏ –ø–æ–¥–±–æ—Ä–∫—É –≤–∞–∫–∞–Ω—Å–∏–π Go-—Ä–∞–∑—Ä–∞–±–æ—Ç—á–∏–∫–æ–≤, —Ç–æ—á–Ω–æ —Å–º–æ–∂–µ—Ç–µ –Ω–∞–π—Ç–∏ —Ç—É —Å–∞–º—É—é üí´‚ö°Ô∏è –í –∫–æ–º–∞–Ω–¥—É –ê–Ω—Ç–∏–±–æ—Ç–∞, –∫–æ—Ç–æ—Ä–∞—è –æ–±–µ—Å–ø–µ—á–∏–≤–∞–µ—Ç –±–µ–∑–æ–ø–∞—Å–Ω–æ—Å—Ç—å —Ç–µ—Ö–Ω–æ–ª–æ–≥–∏—á–µ—Å–∫–æ–π –ø–ª–∞—Ç—Ñ–æ—Ä–º—ã, –æ—Ñ–∏—Å–Ω–æ–π –∏–Ω—Ñ—Ä–∞—Å—Ç—Ä—É–∫—Ç—É—Ä—ã –∏ –≤—Å–µ—Ö –ø—Ä–æ–¥—É–∫—Ç–æ–≤ –ê–≤–∏—Ç–æ: bit.ly/3KWE1Xg‚ö°Ô∏è –í –∫–æ–º–∞–Ω–¥—É Automation, –∫–æ—Ç–æ—Ä–∞—è —Ä–∞–∑—Ä–∞–±–∞—Ç—ã–≤–∞–µ—Ç –≤–Ω—É—Ç—Ä–µ–Ω–Ω–∏–π –ø–ª–∞—Ç—Ñ–æ—Ä–º–µ–Ω–Ω—ã–π –ø—Ä–æ–¥—É–∫—Ç: bit.ly/3H4rf7N‚ö°Ô∏è –í –∫–æ–º–∞–Ω–¥—É –±–∏–ª–ª–∏–Ω–≥–∞, –∫–æ—Ç–æ—Ä–∞—è –∑–∞–Ω–∏–º–∞–µ—Ç—Å—è —Ä–∞–∑—Ä–∞–±–æ—Ç–∫–æ–π —Å–µ—Ä–≤–∏—Å–æ–≤ —Ñ–∏–Ω–∞–Ω—Å–æ–≤–æ–≥–æ —É—á—ë—Ç–∞: bit.ly/441BbZF#go #–≤–∞–∫–∞–Ω—Å–∏–∏ #avito_vacancy",1,0,0
https://www.linkedin.com/in/0juba,"–ò—â–µ–º –∏–Ω–∂–µ–Ω–µ—Ä–∞ –ø–æ –∏–Ω—Ñ–æ—Ä–º–∞—Ü–∏–æ–Ω–Ω–æ–π –±–µ–∑–æ–ø–∞—Å–Ω–æ—Å—Ç–∏ –≤ Security Operation Center. –ñ–¥—ë–º, —á—Ç–æ —Å–ø–µ—Ü–∏–∞–ª–∏—Å—Ç –æ–±–ª–∞–¥–∞–µ—Ç –æ–ø—ã—Ç–æ–º —Ä–∞—Å—Å–ª–µ–¥–æ–≤–∞–Ω–∏—è –∏–Ω—Ü–∏–¥–µ–Ω—Ç–æ–≤ –ò–ë –≤ –≥–µ—Ç–µ—Ä–æ–≥–µ–Ω–Ω–æ–π –∏–Ω—Ñ—Ä–∞—Å—Ç—Ä—É–∫—Ç—É—Ä–µ –∏ —Ö–æ—Ä–æ—à–æ –∑–Ω–∞–∫–æ–º —Å –æ–±—Å–ª—É–∂–∏–≤–∞–Ω–∏–µ–º –ø–æ–ª–Ω–æ–≥–æ —Ü–∏–∫–ª–∞ –∏—Ö –æ–±—Ä–∞–±–æ—Ç–∫–∏.–í –ê–≤–∏—Ç–æ –º—ã –∏—Å–ø–æ–ª—å–∑—É–µ–º –º–Ω–æ–∂–µ—Å—Ç–≤–æ —Å–æ–≤—Ä–µ–º–µ–Ω–Ω—ã—Ö —Ç–µ—Ö–Ω–æ–ª–æ–≥–∏–π, –ø–æ—ç—Ç–æ–º—É —É –Ω–∞—Å –º–æ–∂–Ω–æ –ø–æ–ª—É—á–∏—Ç—å —Ü–µ–Ω–Ω—ã–π –æ–ø—ã—Ç –ø–æ –æ–±–µ—Å–ø–µ—á–µ–Ω–∏—é –±–µ–∑–æ–ø–∞—Å–Ω–æ—Å—Ç–∏ –∏–Ω—Ü–∏–¥–µ–Ω—Ç–æ–≤ –ò–ë üî•üîê –ü–æ–¥—Ä–æ–±–Ω–µ–µ —á–∏—Ç–∞–π—Ç–µ —Ç—É—Ç: bit.ly/3mLvMFw#security #–≤–∞–∫–∞–Ω—Å–∏–∏ #avito_vacancy",0,0,0
https://www.linkedin.com/in/0juba,No text,0,0,0
https://www.linkedin.com/in/0juba,No text,0,0,0
https://www.linkedin.com/in/0juba,No text,0,0,0
https://www.linkedin.com/in/0juba,No text,0,0,0
https://www.linkedin.com/in/0juba,No text,0,0,0
https://www.linkedin.com/in/0juba,No text,0,0,0
https://www.linkedin.com/in/0juba,No text,0,0,0
https://www.linkedin.com/in/0juba,No text,0,0,0
https://www.linkedin.com/in/0juba,No text,0,0,0
https://www.linkedin.com/in/0juba,"–ê –≤—ã –∑–Ω–∞–ª–∏, —á—Ç–æ –±–æ–ª–µ–µ 100 —Ç—ã—Å—è—á —Å–µ–ª–ª–µ—Ä–æ–≤ —Ä–µ—à–∞—é—Ç —Å–≤–æ–∏ –∑–∞–¥–∞—á–∏ —Å –ø–æ–º–æ—â—å—é –ø–ª–∞—Ç–Ω—ã—Ö –∏–Ω—Å—Ç—Ä—É–º–µ–Ω—Ç–æ–≤ –Ω–∞ –ø–ª–æ—â–∞–¥–∫–µ –ê–≤–∏—Ç–æ?–°–µ–π—á–∞—Å –æ—Ç–∫—Ä—ã—Ç–∞ –≤–∞–∫–∞–Ω—Å–∏—è —Ä—É–∫–æ–≤–æ–¥–∏—Ç–µ–ª—è —Ä–∞–∑—Ä–∞–±–æ—Ç–∫–∏ –≤ –∫–æ–º–∞–Ω–¥—É Smart Money, –≥–ª–∞–≤–Ω–∞—è —Ü–µ–ª—å –∫–æ—Ç–æ—Ä–æ–π ‚Äì –ø–µ—Ä–µ—Ö–æ–¥ –Ω–∞ –º–æ–¥–µ–ª—å –º–æ–Ω–µ—Ç–∏–∑–∞—Ü–∏–∏ —Å –æ–ø–ª–∞—Ç–æ–π –∑–∞ –¥–µ–π—Å—Ç–≤–∏–µ. –≠—Ç–æ –ø–æ–≤—ã—Å–∏—Ç —ç—Ñ—Ñ–µ–∫—Ç–∏–≤–Ω–æ—Å—Ç—å –ø—Ä–æ–¥–≤–∏–∂–µ–Ω–∏—è —Ä–µ–∫–ª–∞–º–æ–¥–∞—Ç–µ–ª–µ–π –∏ —Å–¥–µ–ª–∞–µ—Ç —Å–µ—Ä–≤–∏—Å –µ—â—ë –≤—ã–≥–æ–¥–Ω–µ–µ.üë§ –û—Ç–∫–ª–∏–∫–Ω—É—Ç—å—Å—è –º–æ–∂–Ω–æ —Ç—É—Ç: http://bit.ly/3VpPAcF #teamlead #go #backend #–≤–∞–∫–∞–Ω—Å–∏–∏ #avito_vacancy",11,4¬†—Ä–µ–ø–æ—Å—Ç–∞,0
https://www.linkedin.com/in/0juba,üöò –ò—â–µ–º –æ–ø—ã—Ç–Ω–æ–≥–æ —Ä—É–∫–æ–≤–æ–¥–∏—Ç–µ–ª—è –≤ –∫–æ–º–∞–Ω–¥—É –ø–æ–∫—É–ø–∫–∏ –∏ –ø—Ä–æ–¥–∞–∂–∏ –∞–≤—Ç–æ–º–æ–±–∏–ª–µ–π.–ú—ã —É–∂–µ —Ä–∞–∑—Ä–∞–±–æ—Ç–∞–ª–∏ –∞–≤—Ç–æ–º–∞—Ç–∏—á–µ—Å–∫–∏–π –ø–æ–¥–±–æ—Ä —Å—Ç—Ä–∞—Ç–µ–≥–∏–∏ –ø—Ä–æ–¥–≤–∏–∂–µ–Ω–∏—è –∏ –ø–µ—Ä–≤—ã–º–∏ –Ω–∞ —Ä—ã–Ω–∫–µ –∑–∞–ø—É—Å—Ç–∏–ª–∏ –æ—Ü–µ–Ω–∫—É —Å—Ç–æ–∏–º–æ—Å—Ç–∏ –∞–≤—Ç–æ üîù–ü—Ä–µ–¥—Å—Ç–æ–∏—Ç –≤–æ–∑–≥–ª–∞–≤–∏—Ç—å –Ω–∞–ø—Ä–∞–≤–ª–µ–Ω–∏–µ —Ä–∞–∑—Ä–∞–±–æ—Ç–∫–∏ –ø—Ä–æ–¥—É–∫—Ç–æ–≤ –¥–ª—è —É–ª—É—á—à–µ–Ω–∏—è –æ–ø—ã—Ç–∞ —á–∞—Å—Ç–Ω—ã—Ö –ø–æ–∫—É–ø–∞—Ç–µ–ª–µ–π –∏ –ø—Ä–æ–¥–∞–≤—Ü–æ–≤: http://bit.ly/3hGUPXH#teamlead #go #–≤–∞–∫–∞–Ω—Å–∏–∏ #avito_vacancy,0,0,0
https://www.linkedin.com/in/0juba,"–°–æ–±—Ä–∞–ª–∏ –¥–ª—è –≤–∞—Å –ø—Ä–µ–¥–Ω–æ–≤–æ–≥–æ–¥–Ω—é—é –ø–æ–¥–±–æ—Ä–∫—É –≤–∞–∫–∞–Ω—Å–∏–π Go-—Ä–∞–∑—Ä–∞–±–æ—Ç—á–∏–∫–æ–≤ üéÑ‚ùÑÔ∏è –í –∫–æ–º–∞–Ω–¥—É –ê–≤–∏—Ç–æ –¢–æ–≤–∞—Ä–æ–≤, –≥–¥–µ –ø—Ä–µ–¥—Å—Ç–æ–∏—Ç —É–ª—É—á—à–∞—Ç—å –ø–æ–ª—å–∑–æ–≤–∞—Ç–µ–ª—å—Å–∫–∏–π –æ–ø—ã—Ç –≤ –∫–∞—Ç–µ–≥–æ—Ä–∏–∏ ¬´–≠–ª–µ–∫—Ç—Ä–æ–Ω–∏–∫–∞¬ª:¬†http://bit.ly/3j8T5a1 ‚ùÑÔ∏è –í –∫–æ–º–∞–Ω–¥—É, –∫–æ—Ç–æ—Ä–∞—è —Ä–∞–∑–≤–∏–≤–∞–µ—Ç —Å–∏—Å—Ç–µ–º—É —Å–æ–∑–¥–∞–Ω–∏—è –∏ —Ç—Ä–µ–∫–∏–Ω–≥–∞ –ø–æ—Å—ã–ª–æ–∫: http://bit.ly/3HVdxFw ‚ùÑÔ∏è –í –∫–æ–º–∞–Ω–¥—É, —Ä–∞–∑–≤–∏–≤–∞—é—â—É—é –∑–∞–ø—É—Å–∫ –Ω–æ–≤—ã—Ö –º–µ—Ç–æ–¥–æ–≤ –¥–æ—Å—Ç–∞–≤–∫–∏ —Ç–æ–≤–∞—Ä–æ–≤: http://bit.ly/3jdhZWb#go #–≤–∞–∫–∞–Ω—Å–∏–∏ #avito_vacancy",0,0,0
https://www.linkedin.com/in/0juba,"–í—Å–µ–º –ø—Ä–∏–≤–µ—Ç,–ò—â—É —Å–µ–±–µ –∫—Ä—É—Ç–æ–≥–æ –ø—Ä–æ–¥–∞–∫—Ç–∞ –≤ –∫–æ–º–∞–Ω–¥—É –º–µ—Å—Å–µ–Ω–¥–∂–µ—Ä–∞ –∏ –ø–ª–∞—Ç—Ñ–æ—Ä–º—ã —á–∞—Ç-–±–æ—Ç–æ–≤) –ù–∞–¥–æ –ø–æ–º–æ–≥–∞—Ç—å –¥–≤—É–º discovery –∫–æ–º–∞–Ω–¥–∞–º, –∑–∞–Ω–∏–º–∞—Ç—å—Å—è —Å—Ç—Ä–∞—Ç–µ–≥–∏–µ–π —é–Ω–∏—Ç–∞ –∏ –≤–æ–æ–±—â–µ –¥–µ–ª–∞—Ç—å –∫–æ–º–º—É–Ω–∏–∫–∞—Ü–∏–∏ –≤ –ê–≤–∏—Ç–æ –ª—É—á—à–µ)–ë–æ–ª—å—à–µ –ø–æ–¥—Ä–æ–±–Ω–æ—Å—Ç–µ–π –µ—Å—Ç—å —Ç—É—Ç: https://lnkd.in/ekTTdxJd–ú–æ–∂–Ω–æ –ø–∏—Å–∞—Ç—å –Ω–∞–ø—Ä—è–º—É—é –º–Ω–µ –∏–ª–∏ –ø–æ –∫–æ–Ω—Ç–∞–∫—Ç–∞–º –≤ –≤–∞–∫–∞–Ω—Å–∏–∏)#avito_vacancy #–≤–∞–∫–∞–Ω—Å–∏–∏ #avito #–∞–≤–∏—Ç–æ",1,0,0
https://www.linkedin.com/in/0juba,"–ï—Å–ª–∏ –≤—ã –∫–ª–∞—Å—Å–Ω—ã–π QA-–∏–Ω–∂–µ–Ω–µ—Ä –∏ –æ—Ç–∫—Ä—ã—Ç—ã –∫ –ø—Ä–µ–¥–ª–æ–∂–µ–Ω–∏—è–º, —Ç–æ—Ç —ç—Ç–æ—Ç –ø–æ—Å—Ç –¥–ª—è –≤–∞—Å ü§ù–ú—ã –∏—â–µ–º —Å–ø–µ—Ü–∏–∞–ª–∏—Å—Ç–æ–≤ –ø–æ –¥–≤—É–º –Ω–∞–ø—Ä–∞–≤–ª–µ–Ω–∏—è–º:üè† –í –∫–æ–º–∞–Ω–¥—É –ù–µ–¥–≤–∏–∂–∏–º–æ—Å—Ç–∏, —Ä–∞–∑—Ä–∞–±–∞—Ç—ã–≤–∞—é—â—É—é –∏–Ω—Å—Ç—Ä—É–º–µ–Ω—Ç—ã –∑–∞—â–∏—Ç—ã –∏–Ω—Ç–µ—Ä–µ—Å–æ–≤ –ø–æ–∫—É–ø–∞—Ç–µ–ª–µ–π –∏ –ø—Ä–æ–¥–∞–≤—Ü–æ–≤ –≤ –ø—Ä–æ—Ü–µ—Å—Å–µ —Å–¥–µ–ª–∫–∏:   http://bit.ly/3HtW9I0 #python #go #php #linux üöô –í –∫–æ–º–∞–Ω–¥—É –ê–≤—Ç–æ—Ç–µ–∫–∏, –≥–¥–µ —Å–æ–∑–¥–∞—é—Ç —Å–µ—Ä–≤–∏—Å –ø—Ä–æ–≤–µ—Ä–∫–∏ –∏—Å—Ç–æ—Ä–∏–∏ –∞–≤—Ç–æ–º–æ–±–∏–ª–µ–π –ø–æ VIN –∏ –≥–æ—Å–Ω–æ–º–µ—Ä—É: http://bit.ly/3BrrpU9 #QA #javascript #go #php #linux #–≤–∞–∫–∞–Ω—Å–∏–∏ #avito_vacancy",0,0,0
https://www.linkedin.com/in/0juba,"üìä –í –ê–≤–∏—Ç–æ –º—ã –ø–æ—Å—Ç–æ—è–Ω–Ω–æ —Ä–∞–±–æ—Ç–∞–µ–º –Ω–∞–¥ —Ä–∞–∑–≤–∏—Ç–∏–µ–º –Ω–∞—à–µ–π –¥–∞—Ç–∞-–ø–ª–∞—Ç—Ñ–æ—Ä–º—ã. –ï–∂–µ–¥–Ω–µ–≤–Ω–æ –æ–±—Ä–∞–±–∞—Ç—ã–≤–∞–µ–º –¥–µ—Å—è—Ç–∫–∏ —Ç—ã—Å—è—á –∑–∞–¥–∞–Ω–∏–π –Ω–∞ –∑–∞–≥—Ä—É–∑–∫—É, —Ä–∞—Å—á—ë—Ç –¥–∞–Ω–Ω—ã—Ö –∏ –∑–∞–ø—Ä–æ—Å—ã —Å–æ—Ç–µ–Ω –ø–æ—Ç—Ä–µ–±–∏—Ç–µ–ª–µ–π.–ò—â–µ–º –∏–Ω–∂–µ–Ω–µ—Ä–∞, –∫–æ—Ç–æ—Ä—ã–π –ø–æ–º–æ–∂–µ—Ç –Ω–∞–º —Å–æ–∑–¥–∞—Ç—å –∏–Ω—Å—Ç—Ä—É–º–µ–Ω—Ç—ã, –ø–æ–∑–≤–æ–ª—è—é—â–∏–µ –ª—é–±–æ–º—É —á–µ–ª–æ–≤–µ–∫—É —Å–∞–º–æ—Å—Ç–æ—è—Ç–µ–ª—å–Ω–æ –Ω–∞—Ö–æ–¥–∏—Ç—å –æ—Ç–≤–µ—Ç—ã –≤ –¥–∞–Ω–Ω—ã—Ö –∏ —Ä–µ—à–∞—Ç—å —Å–≤–æ–∏ –∑–∞–¥–∞—á–∏ –±–µ–∑ –æ–≥–ª—è–¥–∫–∏ –Ω–∞ –¥–∞—Ç–∞-–∏–Ω–∂–µ–Ω–µ—Ä–æ–≤.–ï—Å–ª–∏ –∏–Ω—Ç–µ—Ä–µ—Å–Ω–æ, —Ç–æ —Å–∫–æ—Ä–µ–µ –æ—Ç–∫–ª–∏–∫–∞–π—Ç–µ—Å—å: http://bit.ly/3gUdrmR #python #–≤–∞–∫–∞–Ω—Å–∏–∏ #avito_vacancy",2,0,0
https://www.linkedin.com/in/0juba,No text,0,0,0
https://www.linkedin.com/in/0juba,No text,0,0,0
https://www.linkedin.com/in/0juba,No text,0,0,0
https://www.linkedin.com/in/0juba,No text,0,0,0
https://www.linkedin.com/in/0juba,No text,0,0,0
https://www.linkedin.com/in/0juba,No text,0,0,0
https://www.linkedin.com/in/0juba,No text,0,0,0
https://www.linkedin.com/in/0juba,No text,0,0,0
https://www.linkedin.com/in/0juba,No text,0,0,0
https://www.linkedin.com/in/0juba,No text,0,0,0
https://www.linkedin.com/in/0juba,No text,0,0,0
https://www.linkedin.com/in/0juba,No text,0,0,0
https://www.linkedin.com/in/0juba,No text,0,0,0
https://www.linkedin.com/in/0juba,No text,0,0,0
https://www.linkedin.com/in/0juba,"–°—Ä–∞–∑—É —Ç—Ä—ë–º –∫–æ–º–∞–Ω–¥–∞–º –≤ Avito –Ω–µ–æ–±—Ö–æ–¥–∏–º —É–≤–µ—Ä–µ–Ω–Ω—ã–π, –æ–ø—ã—Ç–Ω—ã–π –∏ —Ä–µ—à–∏—Ç–µ–ª—å–Ω—ã–π –ª–∏–¥–µ—Ä!–ú–æ–∂–µ—Ç, —ç—Ç–æ –≤—ã?–¢–∏–º–ª–∏–¥ —Ä–∞–∑—Ä–∞–±–æ—Ç–∫–∏ –≤ –∫–æ–º–∞–Ω–¥—É –ø–∞—Å–ø–æ—Ä—Ç–∞ (https://lnkd.in/ezpNEV4s)–ú—ã –∂–¥—ë–º, —á—Ç–æ –≤—ã: –∏–º–µ–µ—Ç–µ –æ–ø—ã—Ç –ø–æ—Å—Ç—Ä–æ–µ–Ω–∏—è —Ä–∞—Å–ø—Ä–µ–¥–µ–ª—ë–Ω–Ω—ã—Ö —Å–∏—Å—Ç–µ–º, –ø—Ä–æ–¥—É–∫—Ç–æ–≤–æ–π —Ä–∞–∑—Ä–∞–±–æ—Ç–∫–∏, —É–ø—Ä–∞–≤–ª–µ–Ω–∏—è –∫–æ–º–∞–Ω–¥–æ–π(-–∞–º–∏) —Ä–∞–∑—Ä–∞–±–æ—Ç–∫–∏ –æ—Ç 4-—Ö —á–µ–ª–æ–≤–µ–∫; –∑–∞–Ω–∏–º–∞–ª–∏—Å—å —Ä–∞–∑—Ä–∞–±–æ—Ç–∫–æ–π –≤—ã—Å–æ–∫–æ–Ω–∞–≥—Ä—É–∂–µ–Ω–Ω—ã—Ö, –æ—Ç–∫–∞–∑–æ—É—Å—Ç–æ–π—á–∏–≤—ã—Ö –ø—Ä–æ–µ–∫—Ç–æ–≤ –∏ —Ä–∞–±–æ—Ç–∞–ª–∏ —Å –º–∏–∫—Ä–æ—Å–µ—Ä–≤–∏—Å–Ω–æ–π –∞—Ä—Ö–∏—Ç–µ–∫—Ç—É—Ä–æ–π.–¢–∏–º–ª–∏–¥ —Ä–∞–∑—Ä–∞–±–æ—Ç–∫–∏ –≤ –∫–æ–º–∞–Ω–¥—É –ê–≤–∏—Ç–æ –¢–æ–≤–∞—Ä–æ–≤(https://lnkd.in/eB3tgh5w)–ú—ã –∂–¥—ë–º, —á—Ç–æ –≤—ã: –∏–º–µ–µ—Ç–µ –æ–ø—ã—Ç Agile-—Ä–∞–∑—Ä–∞–±–æ—Ç–∫–∏ –ø—Ä–æ–¥—É–∫—Ç–æ–≤ –¥–ª—è –±–æ–ª—å—à–æ–π –∞—É–¥–∏—Ç–æ—Ä–∏–∏; –º–æ–∂–µ—Ç–µ —É–ø—Ä–∞–≤–ª—è—Ç—å –∫–æ–º–∞–Ω–¥–æ–π –∏–∑ 4-—Ö –æ–ø—ã—Ç–Ω—ã—Ö –∏–Ω–∂–µ–Ω–µ—Ä–æ–≤ —Ä–∞–∑–Ω–æ–π —Å–ø–µ—Ü–∏–∞–ª–∏–∑–∞—Ü–∏–∏; —É–º–µ–µ—Ç–µ –ø—Ä–æ–µ–∫—Ç–∏—Ä–æ–≤–∞—Ç—å, –æ–±—Å—É–∂–¥–∞—Ç—å –∏ –∑–∞—â–∏—â–∞—Ç—å –∞—Ä—Ö–∏—Ç–µ–∫—Ç—É—Ä–Ω—ã–µ —Ä–µ—à–µ–Ω–∏—è.–¢–∏–º–ª–∏–¥ —Ä–∞–∑—Ä–∞–±–æ—Ç–∫–∏ –≤ –∫–æ–º–∞–Ω–¥—É —Ä–µ–ø—É—Ç–∞—Ü–∏–æ–Ω–Ω–æ–π —Å–∏—Å—Ç–µ–º—ã ¬†(https://lnkd.in/ephc9xNn) –ú—ã –∂–¥—ë–º, —á—Ç–æ –≤—ã: –∏–º–µ–µ—Ç–µ –æ–ø—ã—Ç Agile-—Ä–∞–∑—Ä–∞–±–æ—Ç–∫–∏ –ø—Ä–æ–¥—É–∫—Ç–æ–≤ –¥–ª—è –±–æ–ª—å—à–æ–π –∞—É–¥–∏—Ç–æ—Ä–∏–∏; –º–æ–∂–µ—Ç–µ —É–ø—Ä–∞–≤–ª—è—Ç—å –∫–æ–º–∞–Ω–¥–æ–π –∏–∑ 5-—Ç–∏ –æ–ø—ã—Ç–Ω—ã—Ö –∏–Ω–∂–µ–Ω–µ—Ä–æ–≤ —Ä–∞–∑–Ω–æ–π —Å–ø–µ—Ü–∏–∞–ª–∏–∑–∞—Ü–∏–∏; –ø–æ–Ω–∏–º–∞–µ—Ç–µ –º–∏–∫—Ä–æ—Å–µ—Ä–≤–∏—Å–Ω—É—é –∞—Ä—Ö–∏—Ç–µ–∫—Ç—É—Ä—É –∏ –ø–∞—Ç—Ç–µ—Ä–Ω—ã –ø—Ä–æ–µ–∫—Ç–∏—Ä–æ–≤–∞–Ω–∏—è; —Ä–∞–∑—Ä–∞–±–∞—Ç—ã–≤–∞–ª–∏ –∏ –æ–ø—Ç–∏–º–∏–∑–∏—Ä–æ–≤–∞–ª–∏ –≤—ã—Å–æ–∫–æ–Ω–∞–≥—Ä—É–∂–µ–Ω–Ω—ã–µ —Å–∏—Å—Ç–µ–º—ã.",0,0,0
https://www.linkedin.com/in/0juba,"–£—á–∞—Å—Ç–≤—É–µ–º –≤ –µ–∂–µ–≥–æ–¥–Ω–æ–º —Ä–µ–π—Ç–∏–Ω–≥–µ –ª—É—á—à–∏—Ö —Ä–∞–±–æ—Ç–æ–¥–∞—Ç–µ–ª–µ–π –†–æ—Å—Å–∏–∏!–° 1 –ø–æ 31 –æ–∫—Ç—è–±—Ä—è –Ω–∞¬†hh.ru¬†–º–æ–∂–Ω–æ –ø—Ä–æ–≥–æ–ª–æ—Å–æ–≤–∞—Ç—å –∑–∞ –∫–æ–º–ø–∞–Ω–∏–∏, –≤ –∫–æ—Ç–æ—Ä—ã—Ö –≤—ã –º–µ—á—Ç–∞–µ—Ç–µ —Ä–∞–±–æ—Ç–∞—Ç—å. –ù–∞–¥–µ–µ–º—Å—è, —á—Ç–æ –ê–≤–∏—Ç–æ –≤ –∏—Ö —á–∏—Å–ª–µ¬†‚ù§Ô∏è–û—Ç–¥–∞—Ç—å —Å–≤–æ–π –≥–æ–ª–æ—Å:¬†https://bit.ly/3T61gRi P.S. –ß—Ç–æ–±—ã –ø—Ä–æ–≥–æ–ª–æ—Å–æ–≤–∞—Ç—å, –Ω—É–∂–Ω–æ –∞–≤—Ç–æ—Ä–∏–∑–æ–≤–∞—Ç—å—Å—è –Ω–∞¬†hh.ru",0,0,0
https://www.linkedin.com/in/0juba,"–í—Å–µ–º –ø—Ä–∏–≤–µ—Ç! ‚Ä®–ú—ã –≤ –ø–æ–∏—Å–∫–µ HR BP –¥–ª—è –±–∏–∑–Ω–µ—Å-–ø–æ–¥—Ä–∞–∑–¥–µ–ª–µ–Ω–∏—è –ê–≤–∏—Ç–æ –ù–µ–¥–≤–∏–∂–∏–º–æ—Å—Ç—å. ‚Ä®–ë—É–¥–µ—Ç –º–Ω–æ–≥–æ –∏–Ω—Ç–µ—Ä–µ—Å–Ω—ã—Ö –∑–∞–¥–∞—á: —É—á–∞—Å—Ç–∏–µ –≤ M&A, –≤–µ–¥–µ–Ω–∏–µ —Å–ª–æ–∂–Ω—ã—Ö –∏–Ω—Ç–µ–≥—Ä–∞—Ü–∏–æ–Ω–Ω—ã—Ö HR-–ø—Ä–æ–µ–∫—Ç–æ–≤, –∞–¥–∞–ø—Ç–∞—Ü–∏—è HR-–ø–æ–ª–∏—Ç–∏–∫, —É–ø—Ä–∞–≤–ª–µ–Ω–∏–µ –∏–∑–º–µ–Ω–µ–Ω–∏—è–º–∏ –≤ –æ—Ä–≥–¥–∏–∑–∞–π–Ω–µ, —Ä–∞–±–æ—Ç–∞ —Å –≤–æ–≤–ª–µ—á–µ–Ω–Ω–æ—Å—Ç—å—é –∏ –±–ª–∞–≥–æ–ø–æ–ª—É—á–∏–µ–º –∫–æ–º–∞–Ω–¥—ã. ‚Ä®‚Ä®–° –¥–µ—Ç–∞–ª—å–Ω—ã–º –æ–ø–∏—Å–∞–Ω–∏–µ–º –≤–∞–∫–∞–Ω—Å–∏–∏ –º–æ–∂–Ω–æ –æ–∑–Ω–∞–∫–æ–º–∏—Ç—å—Å—è –ø–æ —Å—Å—ã–ª–∫–µ: https://lnkd.in/eJnA5HJQ–ñ–¥–µ–º –≤–∞—à–∏ –æ—Ç–∫–ª–∏–∫–∏ –∏–ª–∏ —Ä–µ–∫–æ–º–µ–Ω–¥–∞—Ü–∏–∏! –ë—É–¥—É —Ä–∞–¥–∞ –ø–æ–¥–µ–ª–∏—Ç—å—Å—è –¥–µ—Ç–∞–ª—è–º–∏! üòä–û—Ç–∫–ª–∏–∫–∞—Ç—å—Å—è –º–æ–∂–Ω–æ —á–µ—Ä–µ–∑ –∫–∞—Ä—å–µ—Ä–Ω—ã–π —Å–∞–π—Ç –∏–ª–∏ –Ω–∞–ø–∏—Å–∞–≤ –º–Ω–µ: mbsoseliya@avito.ru",0,0,0
https://www.linkedin.com/in/0juba,"–ú—ã –∏—â–µ–º –∏–Ω–∂–µ–Ω–µ—Ä–∞, –∫–æ—Ç–æ—Ä—ã–π –Ω–µ –ø—Ä–µ–¥—Å—Ç–∞–≤–ª—è–µ—Ç —Å–≤–æ—é –∂–∏–∑–Ω—å –±–µ–∑ –≥—Ä–∞–º–æ—Ç–Ω–æ –≤—ã—Å—Ç—Ä–æ–µ–Ω–Ω–æ–π —Ä–∞–±–æ—á–µ–π –∏–Ω—Ñ—Ä–∞—Å—Ç—Ä—É–∫—Ç—É—Ä—ã. –ì–ª–∞–≤–Ω–æ–µ ‚Äì –±–∞–∑–∞ –∏ –∂–µ–ª–∞–Ω–∏–µ, –∞ –æ—Å—Ç–∞–ª—å–Ω–æ–º—É –Ω–∞—É—á–∏–º üòâDevOps-–∏–Ω–∂–µ–Ω–µ—Ä –≤ –∫–æ–º–∞–Ω–¥—É System&Infrastructure:¬†https://lnkd.in/eRza_fpc –ú—ã –∂–¥—ë–º, —á—Ç–æ –≤—ã: –∏–º–µ–µ—Ç–µ –±–æ–ª—å—à–æ–π –æ–ø—ã—Ç –∞–¥–º–∏–Ω–∏—Å—Ç—Ä–∏—Ä–æ–≤–∞–Ω–∏—è Linux –∏ –±–∞–∑–æ–≤–æ–µ –ø—Ä–µ–¥—Å—Ç–∞–≤–ª–µ–Ω–∏–µ –æ HTTP; –∑–Ω–∞–∫–æ–º—ã —Å —Å–∏—Å—Ç–µ–º–∞–º–∏ —É–ø—Ä–∞–≤–ª–µ–Ω–∏—è –∫–æ–Ω—Ñ–∏–≥—É—Ä–∞—Ü–∏–µ–π (Ansible, Chef, Puppet, Salt); –ø–æ–Ω–∏–º–∞–µ—Ç–µ, –∫–∞–∫ —Ä–∞–±–æ—Ç–∞–µ—Ç —Å–µ—Ç—å; –∑–Ω–∞–µ—Ç–µ, —á—Ç–æ —Ç–∞–∫–æ–µ —Ä–µ–ø–ª–∏–∫–∞—Ü–∏—è –∏ —à–∞—Ä–¥–∏—Ä–æ–≤–∞–Ω–∏–µ, –∫–∞–∫ —Ä–µ–∞–ª–∏–∑—É–µ—Ç—Å—è –º–∞—Å—à—Ç–∞–±–∏—Ä–æ–≤–∞–Ω–∏–µ –∏ –æ—Ç–∫–∞–∑–æ—É—Å—Ç–æ–π—á–∏–≤–æ—Å—Ç—å.–ú—ã —Å—Ç–∞–≤–∏–º –∞–º–±–∏—Ü–∏–æ–∑–Ω—ã–µ —Ü–µ–ª–∏ –∏ –Ω–µ –æ—Å—Ç–∞–Ω–∞–≤–ª–∏–≤–∞–µ–º—Å—è –Ω–∞ –¥–æ—Å—Ç–∏–≥–Ω—É—Ç–æ–º, –ø–æ—ç—Ç–æ–º—É –Ω–∞–º —Ç–∞–∫ –≤–∞–∂–Ω–æ, —á—Ç–æ–±—ã –≤—Å–µ —á–ª–µ–Ω—ã –Ω–∞—à–µ–π –±–æ–ª—å—à–æ–π –∫–æ–º–∞–Ω–¥—ã —Ä–∞–∑–¥–µ–ª—è–ª–∏ –Ω–∞—à–∏ —Ü–µ–Ω–Ω–æ—Å—Ç–∏ –∏ –ø—Ä–∏–Ω—Ü–∏–ø—ã —Ä–∞–±–æ—Ç—ã. –î–ª—è —ç—Ç–æ–≥–æ –º—ã —Å–æ–∑–¥–∞–ª–∏ –º–∞–Ω–∏—Ñ–µ—Å—Ç –ê–≤–∏—Ç–æ: https://lnkd.in/euhTUtPw#avito_vacancy",0,0,0
https://www.linkedin.com/in/0juba,"–ê–≤–∏—Ç–æ –∏–∑–Ω—É—Ç—Ä–∏: —Ç–µ—Å—Ç–∏—Ä—É–µ–º –æ—Ñ–∏—Å –≤ –ú–æ—Å–∫–≤–µ–°–æ–≤—Ä–µ–º–µ–Ω–Ω—ã–µ –ø—Ä–æ—Å—Ç—Ä–∞–Ω—Å—Ç–≤–∞ –ê–≤–∏—Ç–æ –≤ –ú–æ—Å–∫–≤–µ, –ü–µ—Ç–µ—Ä–±—É—Ä–≥–µ –∏ –ö–∞–∑–∞–Ω–∏ —Ç–µ—Å—Ç–∏—Ä—É—é—Ç –Ω–µ —Ç–æ–ª—å–∫–æ —Å–æ—Ç—Ä—É–¥–Ω–∏–∫–∏ –∏ –≥–æ—Å—Ç–∏, –Ω–æ –∏ –±–ª–æ–≥–µ—Ä—ã. –í —Å–≤–µ–∂–µ–º —Ä–æ–ª–∏–∫–µ –Ω–∞ –∫–∞–Ω–∞–ª–µ ¬´808¬ª —Å 3,3 –º–ª–Ω –ø–æ–¥–ø–∏—Å—á–∏–∫–æ–≤ –±–ª–æ–≥–µ—Ä–∞ –ö–∏–º–∞ –ö–æ—Ä—à—É—Ä–æ–≤–∞ ‚Äî —Å–∞–º—ã–π –ø–æ–¥—Ä–æ–±–Ω—ã–π –æ–±–∑–æ—Ä –Ω–∞—à–µ–π —à—Ç–∞–±-–∫–≤–∞—Ä—Ç–∏—Ä—ã –≤ —Å—Ç–æ–ª–∏—Ü–µ.–ù–∞–ø—Ä–∏–º–µ—Ä, –∏–∑ –≤–∏–¥–µ–æ –ø–æ —Å—Å—ã–ª–∫–µ (https://lnkd.in/eVQbgm6P) –≤—ã —É–∑–Ω–∞–µ—Ç–µ:- –ü–æ—á–µ–º—É –≤ –æ—Ñ–∏—Å–µ –±—ã–≤–∞–µ—Ç –º–∞–ª–æ —Å–æ—Ç—Ä—É–¥–Ω–∏–∫–æ–≤ –∏ –∫–∞–∫ —É—Å—Ç—Ä–æ–µ–Ω –¥–µ–Ω—å –≤ –ê–≤–∏—Ç–æ- –ß—Ç–æ –≤—Ö–æ–¥–∏—Ç –≤ —Å—Ç–∞—Ä—Ç–µ—Ä-–ø–∞–∫ –Ω–æ–≤–æ–≥–æ —Å–æ—Ç—Ä—É–¥–Ω–∏–∫–∞- –°–∫–æ–ª—å–∫–æ —Ä–∞—Å—Ç–µ–Ω–∏–π –≤—ã—Å–∞–∂–µ–Ω–æ –Ω–∞ —à–µ—Å—Ç–∏ —ç—Ç–∞–∂–∞—Ö –∏ –∫—Ç–æ –∑–∞ –Ω–∏–º–∏ —É—Ö–∞–∂–∏–≤–∞–µ—Ç- –ö–∞–∫ –≤ –æ—Ñ–∏—Å–µ –º–æ–∂–Ω–æ –æ—Ç–¥–æ—Ö–Ω—É—Ç—å –∏–ª–∏ —Ä–∞–∑–≤–ª–µ—á—å—Å—è –∏ –∑–∞—á–µ–º —É –Ω–∞—Å —Ä–∞–±–æ—Ç–∞–µ—Ç –≤—Ä–∞—á–ö—Å—Ç–∞—Ç–∏, –Ω–∞—à–∏ –æ—Ñ–∏—Å—ã ‚Äî –æ–¥–Ω–∏ –∏–∑ –ª—É—á—à–∏—Ö –≤ —Å—Ç—Ä–∞–Ω–µ. –ú—ã –Ω–µ—Å–∫–æ–ª—å–∫–æ —Ä–∞–∑ –ø–æ–ª—É—á–∞–ª–∏ —Å—Ç–∞—Ç—É—ç—Ç–∫–∏ Best Office Awards –∑–∞ –ø—Ä–æ—Å—Ç—Ä–∞–Ω—Å—Ç–≤–∞ –≤ –ú–æ—Å–∫–≤–µ –∏ –ü–∏—Ç–µ—Ä–µ :trophy: –ê –µ—â–µ –≤—ã –º–æ–∂–µ—Ç–µ –ø–æ—Å–º–æ—Ç—Ä–µ—Ç—å –≤—Å–µ —Å–≤–æ–∏–º–∏ –≥–ª–∞–∑–∞–º–∏ –Ω–∞ —ç–∫—Å–∫—É—Ä—Å–∏–∏.",1,0,0
https://www.linkedin.com/in/0juba,No text,2,0,0
https://www.linkedin.com/in/0juba,No text,0,0,0
https://www.linkedin.com/in/0juba,No text,0,0,0
https://www.linkedin.com/in/0juba,No text,0,0,0
https://www.linkedin.com/in/0juba,No text,0,0,0
https://www.linkedin.com/in/0juba,No text,0,0,0
https://www.linkedin.com/in/0juba,No text,0,0,0
https://www.linkedin.com/in/0juba,No text,0,0,0
https://www.linkedin.com/in/0juba,No text,0,0,0
https://www.linkedin.com/in/0juba,No text,0,0,0
https://www.linkedin.com/in/0juba,"–£ –Ω–∞—Å –≤–∞–∂–Ω—ã–µ –Ω–æ–≤–æ—Å—Ç–∏ –¥–ª—è –ø—Ä–µ–¥–ø—Ä–∏–Ω–∏–º–∞—Ç–µ–ª–µ–π - –æ—Ç –º–∞–ª–æ–≥–æ –¥–æ –∫—Ä—É–ø–Ω–æ–≥–æ –±–∏–∑–Ω–µ—Å–∞! –ö–æ–º–∞–Ω–¥–∞ –ê–≤–∏—Ç–æ —Ä–∞–∑—Ä–∞–±–æ—Ç–∞–ª–∞ —Ä—è–¥ –º–µ—Ä, —á—Ç–æ–±—ã –Ω–∞—à–∏ –∫–ª–∏–µ–Ω—Ç—ã –º–æ–≥–ª–∏ —É—Å–ø–µ—à–Ω–æ –ø—Ä–æ–¥–æ–ª–∂–∞—Ç—å —Ä–∞–∑–≤–∏—Ç–∏–µ –±–∏–∑–Ω–µ—Å–∞ –∏ –æ—Ö–≤–∞—Ç—ã–≤–∞—Ç—å –Ω–æ–≤—É—é –∞—É–¥–∏—Ç–æ—Ä–∏—é —Å—Ä–µ–¥–∏ 80+ –º–ª–Ω –ø–æ–ª—å–∑–æ–≤–∞—Ç–µ–ª–µ–π –ê–≤–∏—Ç–æ. –°—Ä–µ–¥–∏ –∏–Ω–∏—Ü–∏–∞—Ç–∏–≤: - –≥–æ—Ç–æ–≤–Ω–æ—Å—Ç—å –ø—Ä–∏–Ω—è—Ç—å –Ω–æ–≤—ã—Ö –±–∏–∑–Ω–µ—Å-–∫–ª–∏–µ–Ω—Ç–æ–≤ –∏ –∑–∞–ø—É—Å—Ç–∏—Ç—å –¥–ª—è –Ω–∏—Ö –ø—Ä–æ–≥—Ä–∞–º–º—ã –æ–±—É—á–µ–Ω–∏—è –∏ –æ–Ω–±–æ—Ä–¥–∏–Ω–≥–∞, - –∑–∞–ø—É—Å–∫ B2B Hub —Å–æ —Å–ø–µ—Ü–∏–∞–ª—å–Ω—ã–º —Ä–∞–∑–¥–µ–ª–æ–º –æ –ø–æ–¥–¥–µ—Ä–∂–∫–µ –±–∏–∑–Ω–µ—Å–∞, - –ø–æ–¥–≥–æ—Ç–æ–≤–∫–∞ –∑–∞–ø–∞—Å–Ω—ã—Ö –∫–∞–Ω–∞–ª–æ–≤ –ø–ª–∞—Ç–µ–∂–µ–π —Å–æ–≤–º–µ—Å—Ç–Ω–æ —Å –±–∞–Ω–∫–∞–º–∏-–ø–∞—Ä—Ç–Ω—ë—Ä–∞–º–∏ –ê–≤–∏—Ç–æ –≤ —Ä–∞–º–∫–∞—Ö –ù–°–ü–ö, - –∑–∞–ø—É—Å–∫ –ø–æ—Å—Ç–∞–º–∞—Ç–æ–≤ –∏ –∫—É—Ä—å–µ—Ä—Å–∫–æ–π –¥–æ—Å—Ç–∞–≤–∫–∏ –≤ –¢–æ–≤–∞—Ä–∞—Ö, - –ø—Ä–µ–¥–æ—Å—Ç–∞–≤–ª–µ–Ω–∏–µ  —Å–æ–±—Å—Ç–≤–µ–Ω–Ω–æ–π –∞–Ω–∞–ª–∏—Ç–∏–∫–∏ –∏ —ç–∫—Å–ø–µ—Ä—Ç–∏–∑—ã, - —É—Å–∏–ª–µ–Ω–Ω–∞—è –ø—Ä–æ–≤–µ—Ä–∫–∞ –¥–æ—Å—Ç–æ–≤–µ—Ä–Ω–æ—Å—Ç–∏ –æ–±—ä—è–≤–ª–µ–Ω–∏–π,  - —É–ø—Ä–æ—Å—Ç–∏–º –≤—ã–∫—É–ø –¥–ª—è –∞–≤—Ç–æ–¥–∏–ª–µ—Ä–æ–≤, - —Å–æ—Ç—Ä—É–¥–Ω–∏—á–µ—Å—Ç–≤–æ —Å —Ü–µ–Ω—Ç—Ä–∞–º–∏ –∑–∞–Ω—è—Ç–æ—Å—Ç–∏, - –∞ —Ç–∞–∫–∂–µ –¥—Ä—É–≥–∏–µ –º–µ—Ä—ã –ø–æ–¥–¥–µ—Ä–∂–∫–∏ –±–∏–∑–Ω–µ—Å–∞ –≤ –∫–∞–∂–¥–æ–π –∏–∑ –≤–µ—Ä—Ç–∏–∫–∞–ª–µ–π: –¢–æ–≤–∞—Ä–∞—Ö, –ù–µ–¥–≤–∏–∂–∏–º–æ—Å—Ç–∏, –ê–≤—Ç–æ, –£—Å–ª—É–≥–∞—Ö –∏ –†–∞–±–æ—Ç–µ. –ü–æ–¥—Ä–æ–±–Ω–µ–µ –æ –º–µ—Ä–∞—Ö –Ω–∞ –ê–≤–∏—Ç–æ –ë–∏–∑–Ω–µ—Å Hub - –ø–æ —Å—Å—ã–ª–∫–µ: https://lnkd.in/gDw9njac –ê–≤–∏—Ç–æ –∏–∑–Ω–∞—á–∞–ª—å–Ω–æ —Å–æ–∑–¥–∞–≤–∞–ª—Å—è –∫–∞–∫ —Å–æ—Ü–∏–∞–ª—å–Ω–æ –æ—Ä–∏–µ–Ω—Ç–∏—Ä–æ–≤–∞–Ω–Ω—ã–π –±–∏–∑–Ω–µ—Å, –ø—Ä–∏–∑–≤–∞–Ω–Ω—ã–π –æ–±—ä–µ–¥–∏–Ω—è—Ç—å –ª—é–¥–µ–π –Ω–∞ —Å–≤–æ–µ–π –ø–ª–∞—Ç—Ñ–æ—Ä–º–µ. –ó–∞ 15 –ª–µ—Ç –º—ã —Å—Ç–∞–ª–∏ –Ω–µ–æ—Ç—ä–µ–º–ª–µ–º–æ–π —á–∞—Å—Ç—å—é –±–∏–∑–Ω–µ—Å-–∏–Ω—Ñ—Ä–∞—Å—Ç—Ä—É–∫—Ç—É—Ä—ã —Å—Ç—Ä–∞–Ω—ã, –∏ —Å–µ–≥–æ–¥–Ω—è –Ω–∞—à–∞ –º–∏—Å—Å–∏—è ‚Äì –ø–æ–¥–¥–µ—Ä–∂–∏–≤–∞—Ç—å –Ω–∞—à–∏—Ö –ø–æ–ª—å–∑–æ–≤–∞—Ç–µ–ª–µ–π, –º–∞–ª–æ–µ –∏ —Å—Ä–µ–¥–Ω–µ–µ –ø—Ä–µ–¥–ø—Ä–∏–Ω–∏–º–∞—Ç–µ–ª—å—Å—Ç–≤–æ, –∞ —Ç–∞–∫–∂–µ –∫—Ä—É–ø–Ω—ã–π –±–∏–∑–Ω–µ—Å. –ú—ã –ø—Ä–æ–≤–µ–ª–∏ —Å—Ç—Ä–µ—Å—Å-—Ç–µ—Å—Ç—ã –≤—Å–µ–π –Ω–∞—à–µ–π –∏–Ω—Ñ—Ä–∞—Å—Ç—Ä—É–∫—Ç—É—Ä—ã –∏ –≥–æ—Ç–æ–≤—ã –∫ —Ä–∞–±–æ—Ç–µ –≤ –ª—é–±—ã—Ö —É—Å–ª–æ–≤–∏—è—Ö. –ú—ã —Å –≤–∞–º–∏!",1,0,0
https://www.linkedin.com/in/0juba,–£ –Ω–∞—Å –≤ –ê–≤–∏—Ç–æ –±—É–¥–µ—Ç Hiring Day! –ü—Ä–∏–≥–ª–∞—à–∞—é –≤—Å–µ—Ö –∂–µ–ª–∞—é—â–∏—Ö! https://lnkd.in/ev-nCMk9#go #golang #golangdeveloper #hiring #hiringdevelopers,0,0,0
https://www.linkedin.com/in/0juba,"–í –∫–æ–º–∞–Ω–¥—É –ê–≤–∏—Ç–æ –∑–∞ 2 –¥–Ω—è? –†–µ–∞–ª—å–Ω–æ!–ó–∞—Ä–µ–≥–∏—Å—Ç—Ä–∏—Ä—É–π—Å—è –¥–æ 11 –Ω–æ—è–±—Ä—è, –µ—Å–ª–∏ —Ç—ã –º–æ–±–∏–ª—å–Ω—ã–π —Ä–∞–∑—Ä–∞–±–æ—Ç—á–∏–∫ —Ç—É—Ç https://bit.ly/2XN0LnZ#android #ios #kotlin #swift #avito #ui",0,0,0
https://www.linkedin.com/in/0juba,–í–æ—Ç –∏ –≤—ã–¥–∞–ª–∏ –º–Ω–µ —Å–µ—Ä—Ç–∏—Ñ–∏–∫–∞—Ç :)#skillbox #unity #—Å–µ—Ä—Ç–∏—Ñ–∏–∫–∞—Ç,1,0,0
https://www.linkedin.com/in/0juba,No text,1,0,0
https://www.linkedin.com/in/0juba,"–ü—Ä–∏—Å—Ç—É–ø–∏–ª –∫ –≤—ã–ø–æ–ª–Ω–µ–Ω–∏—é –∏—Ç–æ–≥–æ–≤–æ–π (–¥–∏–ø–ª–æ–º–Ω–æ–π) —Ä–∞–±–æ—Ç–µ –ø–æ –ø—Ä–æ—Ñ–µ—Å—Å–∏–∏ Unity Developer –æ—Ç Skillbox. –£—á–µ–±—É –∑–∞–∫–æ–Ω—á–∏–ª –ø–æ–ª –≥–æ–¥–∞ –Ω–∞–∑–∞–¥, –Ω–æ –¥–æ—Å—Ç—É–ø–Ω–∞ –∏—Ç–æ–≥–æ–≤–∞—è —Ä–∞–±–æ—Ç–∞ —Å—Ç–∞–ª–∞ —Å–æ–≤—Å–µ–º –Ω–µ–¥–∞–≤–Ω–æ.–ö–æ–Ω–µ—á–Ω–æ, –ø–æ—Å–ª–µ –æ–∫–æ–Ω—á–∞–Ω–∏—è –∫—É—Ä—Å–∞ –ø—Ä–æ–¥–æ–ª–∂–∏–ª –æ–±—É—á–µ–Ω–∏–µ. –í —Ç–µ—á–µ–Ω–∏–∏ –ø–æ–ª—É –≥–æ–¥–∞ –ø–æ—Ä–∞–±–æ—Ç–∞–ª –≤ –¥–≤—É—Ö –∫–æ–º–∞–Ω–¥–∞—Ö. –í—ã–ø–æ–ª–Ω–∏–ª–∏ –æ–¥–Ω—É –¥–µ–º–æ –≤–µ—Ä—Å–∏—é –∏–≥—Ä—ã. –ü–æ—É—á–∞—Å—Ç–≤–æ–≤–∞–ª–∏ –≤ –¥–≤—É—Ö –≥–µ–π–º –¥–∂–µ–º–∞—Ö. –ù—É –∏ —Ç–∞–∫, –ø–æ –º–µ–ª–æ—á–∏, –±—ã–ª–æ –º–Ω–æ–≥–æ —á–µ–≥–æ –∏–Ω—Ç–µ—Ä–µ—Å–Ω–æ–≥–æ.–ü–æ—Å–ª–µ –∑–∞–≤–µ—Ä—à–µ–Ω–∏—è –¥–∏–ø–ª–æ–º–Ω–æ–π —Ä–∞–±–æ—Ç—ã –ø—Ä–∏—Å—Ç—É–ø–ª—é –∫ –∞–∫—Ç–∏–≤–Ω–æ–º—É –ø–æ–∏—Å–∫—É —Ä–∞–±–æ—Ç—ã. –ü–∞—Ä–∞–ª–ª–µ–ª—å–Ω–æ –±—É–¥—É –ø–æ–¥—Ç—è–≥–∏–≤–∞—Ç—å –º–∞—Ç—á–∞—Å—Ç—å –∏ –≥–æ—Ç–æ–≤–∏—Ç—å—Å—è –∫ —Å–æ–±–µ—Å–µ–¥–æ–≤–∞–Ω–∏—è–º.–ù–æ —Ä–µ–∑—é–º–µ —É–∂–µ –≥–æ—Ç–æ–≤–æ :)https://lnkd.in/d23C7Cf#developer #unity",0,0,0
https://www.linkedin.com/in/%D0%B0%D0%BB%D0%B5%D0%BA%D1%81%D0%B0%D0%BD%D0%B4%D1%80-%D1%81%D0%BE%D0%B1%D0%BE%D0%BB%D1%8C-b5189810a,"Hello everyone - I am looking for a new company and a new role and would appreciate your support. I would be grateful for help, referrals and other pleasant opportunities for us to be useful to each other#OpenToWork‚ù§",87,12¬†—Ä–µ–ø–æ—Å—Ç–æ–≤,2¬†–∫–æ–º–º–µ–Ω—Ç–∞—Ä–∏—è
https://www.linkedin.com/in/%D0%B0%D0%BB%D0%B5%D0%BA%D1%81%D0%B0%D0%BD%D0%B4%D1%80-%D1%81%D0%BE%D0%B1%D0%BE%D0%BB%D1%8C-b5189810a,"Hello everyone - I am looking for a new company and a new role and would appreciate your support. I would be grateful for help, referrals and other pleasant opportunities for us to be useful to each other#OpenToWork‚ù§",87,12¬†—Ä–µ–ø–æ—Å—Ç–æ–≤,2¬†–∫–æ–º–º–µ–Ω—Ç–∞—Ä–∏—è
https://www.linkedin.com/in/%D0%B0%D0%BB%D0%B5%D0%BA%D1%81%D0%B0%D0%BD%D0%B4%D1%80-%D1%81%D0%BE%D0%B1%D0%BE%D0%BB%D1%8C-b5189810a,"–ò–Ω–∂–µ–Ω–µ—Ä–∞ –¥–æ—Å—Ç–∞–ª–∏ —Å–æ—Å–µ–¥—Å–∫–∏–µ –∫—É—Ä–∏—Ü—ã. –£ –Ω–µ–≥–æ –±—ã–ª —Å—Ç–∞—Ä—ã–π –∫–∏—Ç–∞–π—Å–∫–∏–π —Ç–µ–ª–µ—Ñ–æ–Ω, —Å—Ç–∞—Ä—ã–π raspberry pi 3b+, python, opencv –∏ –Ω–µ–º–Ω–æ–∂–∫–æ deep learning.",4¬†574,133¬†—Ä–µ–ø–æ—Å—Ç–∞,94¬†–∫–æ–º–º–µ–Ω—Ç–∞—Ä–∏—è
https://www.linkedin.com/in/%D0%B0%D0%BB%D0%B5%D0%BA%D1%81%D0%B0%D0%BD%D0%B4%D1%80-%D1%81%D0%BE%D0%B1%D0%BE%D0%BB%D1%8C-b5189810a,No text,3,0,0
https://www.linkedin.com/in/%D0%B0%D0%BB%D0%B5%D0%BA%D1%81%D0%B0%D0%BD%D0%B4%D1%80-%D1%81%D0%BE%D0%B1%D0%BE%D0%BB%D1%8C-b5189810a,–í–∞–ª–µ–Ω—Ç–∏–Ω –ß. #–û—Ç–∑—ã–≤—ã —Å –±–ª–∞–≥–æ–¥–∞—Ä–Ω–æ—Å—Ç—å—é –•–æ—á—É –≤—ã—Ä–∞–∑–∏—Ç—å —Å–≤–æ—é –ø—Ä–∏–∑–Ω–∞—Ç–µ–ª—å–Ω–æ—Å—Ç—å –∑–∞ –í–∞—à –≤–∫–ª–∞–¥ –≤ —Ä–∞–±–æ—Ç—É –∫–æ–º–∞–Ω–¥—ã #–û—Ç–ª–∏—á–Ω–∞—è_–∫–æ–º–∞–Ω–¥–Ω–∞—è_—Ä–∞–±–æ—Ç–∞,2,0,1¬†–∫–æ–º–º–µ–Ω—Ç–∞—Ä–∏–π
https://www.linkedin.com/in/vpukhanov,"Introducing Building Equality for another Takeover Thursday! üéâIn honour of LGBTQ+ History Month, we are sharing our platform with networks to share their stories on how they support and provide resource to the community within the built environment. Building Equality is an alliance of construction consultants, engineers, developers, contractors, and institutions who are passionate about working together and harnessing our collective power to drive LGBTQ+ inclusion in the construction, engineering and built environment industry. They have a variety of resources on their website which are free and accessible to everyone, see below some of the posters available from the website.There is much to be done in building a diverse, inclusive and welcoming environment across the industry, and to achieve this, we need to work together to harness our collective power to drive LGBTQ+ inclusion! Check out Building Equality‚Äôs webinars, toolbox talk kits, posters and other resources here: http://ow.ly/pXah50N0iPl#LGBTQHistoryMonth #Inclusive #BuiltEnvironment #Construction #SocialTakeover",15,2¬†—Ä–µ–ø–æ—Å—Ç–∞,0
https://www.linkedin.com/in/vpukhanov,"–í–æ—Ç –≤—Å–µ –Ω–∞—à–∏ –æ—Ç–∫—Ä—ã—Ç—ã–µ –≤–∞–∫–∞–Ω—Å–∏–∏, –ø—Ä–∏—Ö–æ–¥–∏—Ç–µ —Å–º–æ—Ç—Ä–µ—Ç—å –∏ –æ—Ç–∫–ª–∏–∫–∞—Ç—å—Å—è:https://lnkd.in/dPHgFWwW",15,1¬†—Ä–µ–ø–æ—Å—Ç,0
https://www.linkedin.com/in/vpukhanov,"tl;dr: help Out in Tech double its reach and impact in 2022 by donating today!We started as a handful of queer New Yorkers, eager to connect with our peers. Since 2013, Out in Tech has grown exponentially. We are now a global community of 40,000 individuals in 16 chapters around the world.We've connected hundreds of our members to new job opportunities, graduated 500+ young people from our mentorship program, built websites for nearly 200 organizations operating in countries where it's illegal to be gay, and created safe virtual and IRL spaces for QTBIPOC and/or trans* individuals in tech.That said, many of our members still face discrimination within their workspace, and little progress has been made on representation of queer people at senior-level roles in the tech industry.Our sights are set on doubling our impact next year to ensure that Out in Tech can offer meaningful career support to queer and trans* people all over the world. We're raising 100k this October to make this dream a reality, and we're currently at 25% of our goal. Support from my network has always meant the world to me. Side by side, I know these wild paths we're traveling will become more productive, more enjoyable, and more diverse. Thank you for making it possible!",0,0,0
https://www.linkedin.com/in/vpukhanov,Welcome to a new chapter in the history of the security industry. We are glad to have you along for the ride. Let's redefine video analytics together. Learn all about our new name at: https://lnkd.in/d8sj6XT2,0,0,0
https://www.linkedin.com/in/vpukhanov,GitHub CLI 2.0 now supports extensions üéâ Make your workflow more powerful by using commands that suit you.Check out some of the extensions already available and build your own. Our docs will get you started on building extensions:https://lnkd.in/gtqmiAdW,0,0,0
https://www.linkedin.com/in/vpukhanov,"We at Security & Safety Things believe diversity makes us stronger. This is why, even though the COVID-19 pandemic limited the ways we could show our pride, we celebrated Cristopher Street Day in a colorful and safe way at our office in Munich. We consider #openness and #inclusivity as a part of our core values. Let‚Äôs stand together and continue to strive for #tolerance and #equalrights for all.Lukas Liese Christin Riederer Nikhilesh Vaishya Zhu Yang Magdalena Hutter Cec√≠lia L. My Linh Leu Sofia Galli Hartmut Schaper Nicole Skrzydel üé¨ Andy Penfold Mithil Reddy Rogier van Velthoven Tianyu Liu Winnie Chen Tobias Wolfertshofer#Pride #CSD #thefutureiscolorful #LGBTQIA #diversity",1,0,0
https://www.linkedin.com/in/vpukhanov,"Thank you for your generous donations during our #Pride Charity Stream last Friday! In 14 hours we gathered over 12,5K PLN! We promised to match your donations, but instead, we decided to donate the full 50.000 PLN to Kampania Przeciw Homofobii!Love is beautiful! ‚ù§Ô∏èüß°üíõüíöüíôüíú",0,0,0
https://www.linkedin.com/in/vpukhanov,üì£ Calling All Kotlin Programmers! Would you like to test your coding skills and win Kotlin swag?ü¶∏ Take Part in Kotlin Heroes: Episode 7 on June 29!üí° The tasks in this episode are designed to suit programmers of all levels.Register here ‚§µÔ∏è https://jb.gg/upspv5,1,0,0
https://www.linkedin.com/in/vpukhanov,üè≥Ô∏è‚Äçüåà  Happy Pride Month from your friends at Docker. üè≥Ô∏è‚Äçüåà,0,0,0
https://www.linkedin.com/in/ma-popovv,No text,Grigory S –∏ –µ—â–µ 1¬†706¬†—É—á–∞—Å—Ç–Ω–∏–∫–æ–≤,33¬†—Ä–µ–ø–æ—Å—Ç–∞,22¬†–∫–æ–º–º–µ–Ω—Ç–∞—Ä–∏—è
https://www.linkedin.com/in/ma-popovv,When you give your client access to Figma,Ruslan Mashakov –∏ –µ—â–µ 55¬†130¬†—É—á–∞—Å—Ç–Ω–∏–∫–æ–≤,2¬†155¬†—Ä–µ–ø–æ—Å—Ç–æ–≤,1¬†810¬†–∫–æ–º–º–µ–Ω—Ç–∞—Ä–∏–µ–≤
https://www.linkedin.com/in/ma-popovv,No text,Alena Petrova –∏ –µ—â–µ 760¬†—É—á–∞—Å—Ç–Ω–∏–∫–æ–≤,38¬†—Ä–µ–ø–æ—Å—Ç–æ–≤,25¬†–∫–æ–º–º–µ–Ω—Ç–∞—Ä–∏–µ–≤
https://www.linkedin.com/in/ma-popovv,#it #meme #humor,–í—ã –∏ –µ—â–µ 542¬†—É—á–∞—Å—Ç–Ω–∏–∫–∞,13¬†—Ä–µ–ø–æ—Å—Ç–æ–≤,15¬†–∫–æ–º–º–µ–Ω—Ç–∞—Ä–∏–µ–≤
https://www.linkedin.com/in/ma-popovv,"11 principles to accelerate your career:________If you likes this, join Superhuman - my AI newsletter with 170k+ readers that teaches you how to leverage AI to boost your productivity: https://lnkd.in/dVQkm5r2",Natalia Shcheglova –∏ –µ—â–µ 25¬†703¬†—É—á–∞—Å—Ç–Ω–∏–∫–∞,2¬†725¬†—Ä–µ–ø–æ—Å—Ç–æ–≤,699¬†–∫–æ–º–º–µ–Ω—Ç–∞—Ä–∏–µ–≤
https://www.linkedin.com/in/ma-popovv,No text,0,0,0
https://www.linkedin.com/in/ma-popovv,No text,0,0,0
https://www.linkedin.com/in/ma-popovv,No text,0,0,0
https://www.linkedin.com/in/ma-popovv,No text,0,0,0
https://www.linkedin.com/in/ma-popovv,No text,0,0,0
https://www.linkedin.com/in/ma-popovv,No text,0,0,0
https://www.linkedin.com/in/ma-popovv,No text,0,0,0
https://www.linkedin.com/in/ma-popovv,No text,0,0,0
https://www.linkedin.com/in/ma-popovv,No text,0,0,0
https://www.linkedin.com/in/ma-popovv,#chatgpt,–í—ã –∏ –µ—â–µ 754¬†—É—á–∞—Å—Ç–Ω–∏–∫–∞,14¬†—Ä–µ–ø–æ—Å—Ç–æ–≤,20¬†–∫–æ–º–º–µ–Ω—Ç–∞—Ä–∏–µ–≤
https://www.linkedin.com/in/ma-popovv,tech recruiter and developer #devlife,1¬†028,81¬†—Ä–µ–ø–æ—Å—Ç,48¬†–∫–æ–º–º–µ–Ω—Ç–∞—Ä–∏–µ–≤
https://www.linkedin.com/in/ma-popovv,#it¬†#humor,–Æ—Ä–∏–π –ì–µ—Ä–≥–∞–∏—è –∏ –µ—â–µ 3¬†266¬†—É—á–∞—Å—Ç–Ω–∏–∫–æ–≤,42¬†—Ä–µ–ø–æ—Å—Ç–∞,92¬†–∫–æ–º–º–µ–Ω—Ç–∞—Ä–∏—è
https://www.linkedin.com/in/ma-popovv,How #developers and #QA testers perform testing activities.,Alena Frolova –∏ –µ—â–µ 42¬†620¬†—É—á–∞—Å—Ç–Ω–∏–∫–æ–≤,6¬†181¬†—Ä–µ–ø–æ—Å—Ç,1¬†544¬†–∫–æ–º–º–µ–Ω—Ç–∞—Ä–∏—è
https://www.linkedin.com/in/ma-popovv,"Do me a favor! And read until the end!!5 ùóøùó≤ùóÆùòÄùóºùóªùòÄ ùòÑùóµùòÜ ùòÜùóºùòÇ ùòÄùóµùóºùòÇùóπùó± ùó∞ùóµùóÆùóªùó¥ùó≤ ùòÜùóºùòÇùóø ùó∑ùóºùóØ ùó≥ùóøùó≤ùóæùòÇùó≤ùóªùòÅùóπùòÜ‚Äú1. ùóïùóøùóºùóÆùó±ùó≤ùóª ùó¨ùóºùòÇùóø ùó¶ùó∏ùó∂ùóπùóπ ùó¶ùó≤ùòÅ:As a result of changing jobs regularly, you can gain new skills, gain new experience, and become a more well-rounded professional.2. ùó°ùó≤ùó¥ùóºùòÅùó∂ùóÆùòÅùó∂ùóªùó¥ ùó¢ùóΩùóΩùóºùóøùòÅùòÇùóªùó∂ùòÅùòÜ:Negotiating your salary or other compensation can be easier if you frequently change jobs and companies. You will have a better chance of understanding the market value of your skills when you take on new roles.3. ùóòùòÖùóΩùóºùòÄùòÇùóøùó≤ ùòÅùóº ùóªùó≤ùòÑ ùó∂ùóªùó±ùòÇùòÄùòÅùóøùó∂ùó≤ùòÄ ùóÆùóªùó± ùóøùóºùóπùó≤ùòÄ:If you change jobs every few years, you can explore different industries and roles that may be more suitable for you. A job change can help you gain insight into new roles, acquire new skills and certifications, and enhance your resume.4. ùóúùó∫ùóΩùóøùóºùòÉùó≤ùó± ùóπùóºùóªùó¥-ùòÅùó≤ùóøùó∫ ùó∑ùóºùóØ ùòÄùóÆùòÅùó∂ùòÄùó≥ùóÆùó∞ùòÅùó∂ùóºùóª:By changing roles, you‚Äôll have the ability to continually challenge yourself, continue to make an impact, and have better long-term job satisfaction.5. ùóòùòÖùóΩùóÆùóªùó± ùó¨ùóºùòÇùóø ùó°ùó≤ùòÅùòÑùóºùóøùó∏:Every job is a chance to expand your network ‚Äì with potential mentors, collaborators, and employers. Having that wide reach can be incredibly useful on the job market, potentially giving you an advantage over other jobseekers.Changing jobs frequently can be scary, but if you can manage it strategically, you‚Äôll stay up to date, gain new skills and build a wide network that can open many more doors and opportunities for your future.‚ÄùCredits Adnan Manna for that article aboveBut wait!!!What do you think? Is this correct? Or very wrong?What did you do? Did you change jobs frequently (let‚Äôs say every 3-5 years) or stayed long at one job/company. Would love to get your feedback on this very important topic. üîµIf you like my posts please follow me Dr. Joerg STORM  and hit the üîî on my profile to get a notification for all my new posts.  Daily dose of #inspirationüí°, #technology üì±#automotive üöô, #china  üá®üá≥ #Entrepreneur #FutureofWork #innovation #tech #mercedesbenz #crypto #btc #eth #blockchain #environment #leadership",76¬†935,6¬†375¬†—Ä–µ–ø–æ—Å—Ç–æ–≤,4¬†176¬†–∫–æ–º–º–µ–Ω—Ç–∞—Ä–∏–µ–≤
https://www.linkedin.com/in/ma-popovv,#mood #relax #work #life,8¬†401,68¬†—Ä–µ–ø–æ—Å—Ç–æ–≤,302¬†–∫–æ–º–º–µ–Ω—Ç–∞—Ä–∏—è
https://www.linkedin.com/in/ma-popovv,No text,0,0,0
https://www.linkedin.com/in/ma-popovv,"–£—Ä–∞, —Ç–æ–≤–∞—Ä–∏—â–∏. –ü–µ—Ä–≤—ã–π —Å–æ–±–µ—Å –≤ 2023 –≥–æ–¥—É —Å–æ—Å—Ç–æ—è–ª—Å—è. –ö–∞–∫ –∏ –ø–µ—Ä–≤—ã–π –æ–ø–µ—Ä–∞—Ç–∏–≤–Ω—ã–π –æ—Ç–∫–∞–∑ –ø–æ –ø—Ä–∏—á–∏–Ω–∞–º, –∫–æ—Ç–æ—Ä—ã–µ –≤–≤–µ–ª–∏ –º–µ–Ω—è –≤ –ª—ë–≥–∫–∏–π —Å—Ç—É–ø–æ—Ä) –ù—É —á—Ç–æ —Ç—É—Ç —Å–∫–∞–∑–∞—Ç—å, –∫—Ä–æ–º–µ –∫–∞–∫ Forza Juventus Football Club ! Finno alla fine!–ò–Ω—Ç–µ—Ä–≤—å—é –±—ã–ª–æ –∫–ª–∞—Å—Å–Ω—ã–º –∏ —Å–ø–∞—Å–∏–±–æ —Ä–µ–±—è—Ç–∞–º –∑–∞ –≤—Ä–µ–º—è –∏ –æ–ø–µ—Ä–∞—Ç–∏–≤–Ω—ã–π —Ñ–∏–¥–±—ç–∫!",3¬†819,73¬†—Ä–µ–ø–æ—Å—Ç–∞,0
https://www.linkedin.com/in/ma-popovv,Quote of the day. #QOTD,6¬†190,554¬†—Ä–µ–ø–æ—Å—Ç–∞,87¬†–∫–æ–º–º–µ–Ω—Ç–∞—Ä–∏–µ–≤
https://www.linkedin.com/in/ma-popovv,How To Develop REST CRUD API Using Spring Boot?https://lnkd.in/d9i_A_qc#spring¬†#springframework¬†#javaspring¬†#javaspringboot¬†#springmvc¬†#springboot¬†#springdata¬†¬†#springcloud¬†#springmvc¬†#springsecurity¬†#java¬†#javaprogramming¬†#javaprogramminglanguage¬†#javadeveloper¬†#javadevelopment¬†#javadevelopers¬†#javadeveloperjobs¬†#javabackend¬†#javabackenddeveloper¬†#javafullstack¬†#javafullstackdeveloper¬†#javadeveloper¬†#javaprogrammer¬†#javatraining¬†#javaee¬†#j2ee¬†#j2eedeveloper¬†#java8¬†#microservices¬†#microservicesarchitecture¬†#microservice¬†#microservicios¬†#javamicroservices,635,33¬†—Ä–µ–ø–æ—Å—Ç–∞,0
https://www.linkedin.com/in/ma-popovv,"I received a message from a lady who retired from working for ""a very mean tyrant boss."" These were her words in quotations. She realizes now, that the stress, anxiety, and yelling that she endured was not worth 21 years of her life. She mentioned that his reason for running his business was always that he always did things this way since the 1980s. She wishes she was brave enough to seek better for herself.This made me think:‚ñ™Ô∏èA salary does not guarantee you peace of mind. Change can be good.The most dangerous phrase is: ‚ÄúWe‚Äôve always  done it this way.‚Äù‚ñ™Ô∏èFinding ways to improve can help you avoid regrets later.‚ñ™Ô∏èYour happiness and peace are priceless. Do you agree?- Rachel Mitchell ¬©‚úîÔ∏èFollow me on LinkedIn daily for inspiration and original content.üî∫ It is a pleasure to connect people from all industries .You can hire me for a private 1:1 consultation & to connect you.üî∫Click the Network-NetWorth link at the top of my profile and let me know what you need.Send a follow request  to my private instagram: @Lady_LongevityI can connect with you there too.#rachelmitchell  my hashtag: #LadyLongevity #NetworkNetWorthx100 connecting innovative people in tech,retail, and sustainability",1¬†845,214¬†—Ä–µ–ø–æ—Å—Ç–æ–≤,380¬†–∫–æ–º–º–µ–Ω—Ç–∞—Ä–∏–µ–≤
https://www.linkedin.com/in/ma-popovv,"My Russian speaking friends keep getting discriminated due to the language they speak. To all of my friends globally, please remember few things:1. Russian speaking does not equal Russian. There were 15 countries in the USSR. All of those countries still have Russian speaking minorities. It doesn't mean they are Russian or identify themselves as Russian. Just like Irish does not equal English or Spanish does not equal Mexican.2. Russian does not equal aggressor. None of the Russians support the war. Some just don't understand what is happening due to the limited information that they are getting. There is no free media left in Russia.3. Ukrainians also speak Russian, some just Russian. Next time you tell a Russian speaker you wont serve them, think about which side you're taking. The person approaching you might have a relative sitting in the bomb shelter right now. 4. Russian name also does not equal Russian. My name is Russian. I was born in Latvia, my parents were born is Latvia. I have Latvian, Ukrainian, Polish, Turkish, Romanian and probably many more ethnicities in me. I grew up in Ireland. My Russian surname was inherited from my great grandfather who was a pacifist, he went through the war and wouldn't ever stand by what's happening right now. Many Ukrainians have Russian surnames too. 5. The anger you're translating on to innocent people is not going to solve the problem, it's going to create more problems and hatred. There are many ways to help, but hating on others is definitely not one of the ways.#StandWithUkraine üá∫üá¶",0,0,0
https://www.linkedin.com/in/ma-popovv,I‚Äôm happy to share that I‚Äôm starting a new position as Software Engineer at Tinkoff !,0,0,0
